municipality_code,used_apartment_median_price_man_yen,used_apartment_sample_size,used_apartment_median_unit_price_yen,used_apartment_avg_building_age,emergency_shelter_count,emergency_shelter_official_link,population_2025_estimated,population_2050_estimated,population_change_2025_2050_pct,medical_facility_count,medical_hospital_count,medical_clinic_count,childcare_facility_count,kindergarten_count,nursery_count,reinfolib_loaded_at,reinfolib_source_url
40000,1800,6455,344444,25.1,1840,"https://disaportal.gsi.go.jp/hazardmap/maps/index.html?ll=33.5899,130.6576&z=12",2412885,2141863,-11.23,306,22,177,,,,2026-05-28T16:30:45.181454+00:00,https://www.reinfolib.mlit.go.jp/
40100,1200,762,164705,27.9,1427,"https://disaportal.gsi.go.jp/hazardmap/maps/index.html?ll=33.8681,130.8378&z=12",1723220,1345362,-21.93,1419,70,804,315,79,236,2026-05-28T16:32:51.747753+00:00,https://www.reinfolib.mlit.go.jp/
40101,1150,84,160130,27.7,814,"https://disaportal.gsi.go.jp/hazardmap/maps/index.html?ll=33.9078,130.971&z=12",1133019,876278,-22.66,896,49,538,30,11,19,2026-05-28T16:34:14.772529+00:00,https://www.reinfolib.mlit.go.jp/
40103,980,21,125000,30.9,1102,"https://disaportal.gsi.go.jp/hazardmap/maps/index.html?ll=33.9116,130.7444&z=12",1481870,1201722,-18.91,907,45,503,34,10,24,2026-05-28T16:35:43.781168+00:00,https://www.reinfolib.mlit.go.jp/
40105,1400,57,170000,30.1,1149,"https://disaportal.gsi.go.jp/hazardmap/maps/index.html?ll=33.9011,130.8348&z=12",1446788,1135076,-21.55,1498,75,848,16,5,11,2026-05-28T16:37:07.823983+00:00,https://www.reinfolib.mlit.go.jp/
40106,1200,249,171428,28.3,1149,"https://disaportal.gsi.go.jp/hazardmap/maps/index.html?ll=33.876,130.8776&z=12",1446788,1135076,-21.55,1315,69,757,67,16,51,2026-05-28T16:38:37.996346+00:00,https://www.reinfolib.mlit.go.jp/
40107,1400,91,186666,25.5,1427,"https://disaportal.gsi.go.jp/hazardmap/maps/index.html?ll=33.7984,130.8809&z=12",1723220,1345362,-21.93,1188,63,676,100,20,80,2026-05-28T16:40:17.902220+00:00,https://www.reinfolib.mlit.go.jp/
40108,1650,54,213942,25.9,1427,"https://disaportal.gsi.go.jp/hazardmap/maps/index.html?ll=33.8498,130.8089&z=12",1723220,1345362,-21.93,1510,76,846,32,8,24,2026-05-28T16:41:50.918912+00:00,https://www.reinfolib.mlit.go.jp/
40109,980,206,146666,28.1,1714,"https://disaportal.gsi.go.jp/hazardmap/maps/index.html?ll=33.832,130.7473&z=12",2219140,1882793,-15.16,1242,69,693,96,24,72,2026-05-28T16:43:26.056529+00:00,https://www.reinfolib.mlit.go.jp/
40130,2000,4871,414285,24.8,1345,"https://disaportal.gsi.go.jp/hazardmap/maps/index.html?ll=33.5604,130.6385&z=12",2034125,1830998,-9.99,359,30,196,117,22,95,2026-05-28T16:45:31.815596+00:00,https://www.reinfolib.mlit.go.jp/
40131,2200,759,340000,22.6,2094,"https://disaportal.gsi.go.jp/hazardmap/maps/index.html?ll=33.6544,130.4303&z=12",3290731,3093988,-5.98,1706,75,1000,113,18,95,2026-05-28T16:47:07.755983+00:00,https://www.reinfolib.mlit.go.jp/
40132,1600,1094,457142,23.0,2094,"https://disaportal.gsi.go.jp/hazardmap/maps/index.html?ll=33.58,130.4433&z=12",3290731,3093988,-5.98,2848,124,1634,76,12,64,2026-05-28T16:48:44.186540+00:00,https://www.reinfolib.mlit.go.jp/
40133,2100,1395,520000,24.7,1581,"https://disaportal.gsi.go.jp/hazardmap/maps/index.html?ll=33.584,130.3863&z=12",2828175,2754792,-2.59,3107,132,1795,70,14,56,2026-05-28T16:50:14.817704+00:00,https://www.reinfolib.mlit.go.jp/
40134,1800,597,288888,29.4,1606,"https://disaportal.gsi.go.jp/hazardmap/maps/index.html?ll=33.5416,130.41&z=12",3110678,2986079,-4.01,3051,126,1769,103,25,78,2026-05-28T16:51:53.083265+00:00,https://www.reinfolib.mlit.go.jp/
40135,2800,361,338461,25.7,1581,"https://disaportal.gsi.go.jp/hazardmap/maps/index.html?ll=33.5799,130.2697&z=12",2828175,2754792,-2.59,1100,50,646,83,15,68,2026-05-28T16:53:20.075376+00:00,https://www.reinfolib.mlit.go.jp/
40136,2200,228,339230,27.3,1606,"https://disaportal.gsi.go.jp/hazardmap/maps/index.html?ll=33.5488,130.3704&z=12",3110678,2986079,-4.01,2788,111,1621,43,12,31,2026-05-28T16:54:51.901967+00:00,https://www.reinfolib.mlit.go.jp/
40137,3200,437,452631,25.2,1606,"https://disaportal.gsi.go.jp/hazardmap/maps/index.html?ll=33.4962,130.3409&z=12",3110678,2986079,-4.01,1104,47,638,78,17,61,2026-05-28T16:56:29.380781+00:00,https://www.reinfolib.mlit.go.jp/
40202,1500,35,187500,23.8,556,"https://disaportal.gsi.go.jp/hazardmap/maps/index.html?ll=33.0461,130.469&z=12",1011020,784085,-22.45,322,29,184,49,12,37,2026-05-28T16:58:04.338011+00:00,https://www.reinfolib.mlit.go.jp/
40203,1400,255,200000,25.1,1228,"https://disaportal.gsi.go.jp/hazardmap/maps/index.html?ll=33.3054,130.5671&z=12",2515519,2260903,-10.12,758,46,430,121,18,103,2026-05-28T16:59:43.085934+00:00,https://www.reinfolib.mlit.go.jp/
40204,950,4,121634,31.2,1714,"https://disaportal.gsi.go.jp/hazardmap/maps/index.html?ll=33.7512,130.7459&z=12",2219140,1882793,-15.16,507,37,287,25,7,18,2026-05-28T17:01:17.212158+00:00,https://www.reinfolib.mlit.go.jp/
40205,1400,27,175000,23.4,1840,"https://disaportal.gsi.go.jp/hazardmap/maps/index.html?ll=33.6135,130.661&z=12",2412885,2141863,-11.23,306,22,177,67,9,58,2026-05-28T17:02:57.325495+00:00,https://www.reinfolib.mlit.go.jp/
40206,1100,2,123809,21,1107,"https://disaportal.gsi.go.jp/hazardmap/maps/index.html?ll=33.6316,130.7996&z=12",1190564,929755,-21.91,320,28,181,24,2,22,2026-05-28T17:04:29.148658+00:00,https://www.reinfolib.mlit.go.jp/
40207,1800,4,240000,19.8,560,"https://disaportal.gsi.go.jp/hazardmap/maps/index.html?ll=33.1482,130.4096&z=12",1238460,1001065,-19.17,399,24,239,34,3,31,2026-05-28T17:06:09.214148+00:00,https://www.reinfolib.mlit.go.jp/
40210,2300,1,242105,11,459,"https://disaportal.gsi.go.jp/hazardmap/maps/index.html?ll=33.1988,130.702&z=12",963613,766904,-20.41,27,1,19,10,2,8,2026-05-28T17:07:41.295702+00:00,https://www.reinfolib.mlit.go.jp/
40211,1300,4,160647,26.5,532,"https://disaportal.gsi.go.jp/hazardmap/maps/index.html?ll=33.2075,130.4912&z=12",1260821,1017815,-19.27,459,30,264,24,1,23,2026-05-28T17:09:27.431827+00:00,https://www.reinfolib.mlit.go.jp/
40212,1400,1,200000,18,560,"https://disaportal.gsi.go.jp/hazardmap/maps/index.html?ll=33.2058,130.3818&z=12",1238460,1001065,-19.17,548,35,318,23,4,19,2026-05-28T17:11:02.150747+00:00,https://www.reinfolib.mlit.go.jp/
40213,2100,5,280000,14.4,564,"https://disaportal.gsi.go.jp/hazardmap/maps/index.html?ll=33.7138,130.9711&z=12",698361,556141,-20.36,203,11,111,26,6,20,2026-05-28T17:12:27.982929+00:00,https://www.reinfolib.mlit.go.jp/
40214,,0,,,447,"https://disaportal.gsi.go.jp/hazardmap/maps/index.html?ll=33.5686,131.0776&z=12",372868,273188,-26.73,82,3,52,14,1,13,2026-05-28T17:13:49.059720+00:00,https://www.reinfolib.mlit.go.jp/
40215,580,1,77333,35,1714,"https://disaportal.gsi.go.jp/hazardmap/maps/index.html?ll=33.8205,130.7066&z=12",2219140,1882793,-15.16,973,56,544,14,6,8,2026-05-28T17:15:23.058497+00:00,https://www.reinfolib.mlit.go.jp/
40216,1400,10,186666,25.5,1228,"https://disaportal.gsi.go.jp/hazardmap/maps/index.html?ll=33.4003,130.5644&z=12",2515519,2260903,-10.12,606,44,339,24,4,20,2026-05-28T17:17:12.220312+00:00,https://www.reinfolib.mlit.go.jp/
40217,2100,67,273684,21.1,1758,"https://disaportal.gsi.go.jp/hazardmap/maps/index.html?ll=33.4851,130.5439&z=12",3267054,3083387,-5.62,892,52,482,,,,2026-05-28T19:16:55.186478+00:00,https://www.reinfolib.mlit.go.jp/
40220,1250,22,161250,30.8,1345,"https://disaportal.gsi.go.jp/hazardmap/maps/index.html?ll=33.8127,130.557&z=12",,,,,,,,,,2026-05-28T23:05:52.087971+00:00,https://www.reinfolib.mlit.go.jp/
40223,2250,16,243750,19.7,2094,"https://disaportal.gsi.go.jp/hazardmap/maps/index.html?ll=33.7214,130.4994&z=12",3290731,3093988,-5.98,673,41,370,30,4,26,2026-05-28T23:08:48.915036+00:00,https://www.reinfolib.mlit.go.jp/
40224,1400,28,182424,27.4,1345,"https://disaportal.gsi.go.jp/hazardmap/maps/index.html?ll=33.78,130.4977&z=12",1957045,1812525,-7.38,404,23,224,45,6,39,2026-05-28T23:12:48.546673+00:00,https://www.reinfolib.mlit.go.jp/
40225,,0,,,348,"https://disaportal.gsi.go.jp/hazardmap/maps/index.html?ll=33.3118,130.7932&z=12",258508,176099,-31.88,82,4,51,14,1,13,2026-05-28T23:15:07.949365+00:00,https://www.reinfolib.mlit.go.jp/
40226,,0,,,1840,"https://disaportal.gsi.go.jp/hazardmap/maps/index.html?ll=33.7156,130.615&z=12",2412885,2141863,-11.23,408,29,232,14,2,12,2026-05-28T23:19:50.518806+00:00,https://www.reinfolib.mlit.go.jp/
40227,,0,,,1345,"https://disaportal.gsi.go.jp/hazardmap/maps/index.html?ll=33.5366,130.7403&z=12",2034125,1830998,-9.99,134,15,71,20,6,14,2026-05-28T23:22:32.000235+00:00,https://www.reinfolib.mlit.go.jp/
40228,1100,1,146666,29,793,"https://disaportal.gsi.go.jp/hazardmap/maps/index.html?ll=33.4168,130.7417&z=12",1486802,1301454,-12.47,164,9,99,29,4,25,2026-05-28T23:24:45.347842+00:00,https://www.reinfolib.mlit.go.jp/
40229,1800,1,211764,20,556,"https://disaportal.gsi.go.jp/hazardmap/maps/index.html?ll=33.126,130.4962&z=12",1011020,784085,-22.45,410,28,236,21,3,18,2026-05-28T23:27:16.968692+00:00,https://www.reinfolib.mlit.go.jp/
40230,1800,49,221052,22.9,843,"https://disaportal.gsi.go.jp/hazardmap/maps/index.html?ll=33.5332,130.1809&z=12",1687302,1601149,-5.11,240,17,138,52,8,44,2026-05-28T23:29:18.725544+00:00,https://www.reinfolib.mlit.go.jp/
40231,2200,20,280065,22.1,1606,"https://disaportal.gsi.go.jp/hazardmap/maps/index.html?ll=33.4648,130.4221&z=12",3110678,2986079,-4.01,591,27,334,32,2,30,2026-05-28T23:33:35.081954+00:00,https://www.reinfolib.mlit.go.jp/
40341,1900,1,200000,23,1758,"https://disaportal.gsi.go.jp/hazardmap/maps/index.html?ll=33.5629,130.5369&z=12",3267054,3083387,-5.62,1053,60,571,18,3,15,2026-05-28T23:35:42.331738+00:00,https://www.reinfolib.mlit.go.jp/
40342,1400,13,175000,27.2,2094,"https://disaportal.gsi.go.jp/hazardmap/maps/index.html?ll=33.6246,130.5472&z=12",3290731,3093988,-5.98,766,45,419,14,2,12,2026-05-28T23:38:07.715361+00:00,https://www.reinfolib.mlit.go.jp/
40343,2300,25,333333,18.0,2094,"https://disaportal.gsi.go.jp/hazardmap/maps/index.html?ll=33.5876,130.4763&z=12",3290731,3093988,-5.98,2289,105,1307,35,4,31,2026-05-28T23:40:35.429481+00:00,https://www.reinfolib.mlit.go.jp/
40344,1400,1,175000,31,2094,"https://disaportal.gsi.go.jp/hazardmap/maps/index.html?ll=33.5924,130.5187&z=12",3290731,3093988,-5.98,1006,55,543,19,1,18,2026-05-28T23:43:46.082803+00:00,https://www.reinfolib.mlit.go.jp/
40345,2500,15,294117,19.9,2094,"https://disaportal.gsi.go.jp/hazardmap/maps/index.html?ll=33.6979,130.4634&z=12",3290731,3093988,-5.98,663,39,366,30,4,26,2026-05-28T23:46:45.757974+00:00,https://www.reinfolib.mlit.go.jp/
40348,,0,,,2094,"https://disaportal.gsi.go.jp/hazardmap/maps/index.html?ll=33.6668,130.5167&z=12",3290731,3093988,-5.98,1481,69,865,6,1,5,2026-05-28T23:49:08.006159+00:00,https://www.reinfolib.mlit.go.jp/
40349,2300,33,306666,25.2,2094,"https://disaportal.gsi.go.jp/hazardmap/maps/index.html?ll=33.6158,130.4745&z=12",3290731,3093988,-5.98,1988,91,1151,27,4,23,2026-05-28T23:51:53.102905+00:00,https://www.reinfolib.mlit.go.jp/
40381,2900,1,232000,20,1102,"https://disaportal.gsi.go.jp/hazardmap/maps/index.html?ll=33.8913,130.663&z=12",1481870,1201722,-18.91,706,40,390,8,2,6,2026-05-28T23:53:35.634104+00:00,https://www.reinfolib.mlit.go.jp/
40382,190,1,34545,48,1714,"https://disaportal.gsi.go.jp/hazardmap/maps/index.html?ll=33.8557,130.6939&z=12",2219140,1882793,-15.16,903,49,507,14,1,13,2026-05-28T23:55:46.242111+00:00,https://www.reinfolib.mlit.go.jp/
40383,,0,,,1345,"https://disaportal.gsi.go.jp/hazardmap/maps/index.html?ll=33.8542,130.6046&z=12",1957045,1812525,-7.38,310,22,178,14,2,12,2026-05-28T23:57:36.046980+00:00,https://www.reinfolib.mlit.go.jp/
40384,,0,,,1714,"https://disaportal.gsi.go.jp/hazardmap/maps/index.html?ll=33.8458,130.6626&z=12",2219140,1882793,-15.16,797,46,445,7,1,6,2026-05-28T23:59:53.236710+00:00,https://www.reinfolib.mlit.go.jp/
40401,,0,,,1840,"https://disaportal.gsi.go.jp/hazardmap/maps/index.html?ll=33.7049,130.7044&z=12",2412885,2141863,-11.23,524,35,308,2,0,2,2026-05-29T00:03:01.198872+00:00,https://www.reinfolib.mlit.go.jp/
40402,,0,,,1714,"https://disaportal.gsi.go.jp/hazardmap/maps/index.html?ll=33.7842,130.6697&z=12",2219140,1882793,-15.16,771,51,425,5,1,4,2026-05-29T00:05:27.061309+00:00,https://www.reinfolib.mlit.go.jp/
40421,,0,,,1345,"https://disaportal.gsi.go.jp/hazardmap/maps/index.html?ll=33.5745,130.6796&z=12",2034125,1830998,-9.99,249,20,143,4,1,3,2026-05-29T00:07:42.083820+00:00,https://www.reinfolib.mlit.go.jp/
40447,835,2,114901,31,1345,"https://disaportal.gsi.go.jp/hazardmap/maps/index.html?ll=33.4609,130.6192&z=12",2034125,1830998,-9.99,421,31,230,16,4,12,2026-05-29T00:10:09.394352+00:00,https://www.reinfolib.mlit.go.jp/
40448,,0,,,634,"https://disaportal.gsi.go.jp/hazardmap/maps/index.html?ll=33.4371,130.8492&z=12",588727,427694,-27.35,21,1,15,2,0,2,2026-05-29T00:12:25.524547+00:00,https://www.reinfolib.mlit.go.jp/
40503,,0,,,793,"https://disaportal.gsi.go.jp/hazardmap/maps/index.html?ll=33.3809,130.615&z=12",1486802,1301454,-12.47,607,36,350,9,0,9,2026-05-29T00:14:18.669572+00:00,https://www.reinfolib.mlit.go.jp/
40522,,0,,,532,"https://disaportal.gsi.go.jp/hazardmap/maps/index.html?ll=33.2126,130.4408&z=12",1260821,1017815,-19.27,821,46,472,5,1,4,2026-05-29T00:18:09.406148+00:00,https://www.reinfolib.mlit.go.jp/
40544,,0,,,532,"https://disaportal.gsi.go.jp/hazardmap/maps/index.html?ll=33.2522,130.5726&z=12",1260821,1017815,-19.27,727,43,415,10,1,9,2026-05-29T00:20:57.164974+00:00,https://www.reinfolib.mlit.go.jp/
40601,,0,,,1107,"https://disaportal.gsi.go.jp/hazardmap/maps/index.html?ll=33.6847,130.8548&z=12",1190564,929755,-21.91,225,18,134,5,0,5,2026-05-29T00:23:34.316682+00:00,https://www.reinfolib.mlit.go.jp/
40602,,0,,,634,"https://disaportal.gsi.go.jp/hazardmap/maps/index.html?ll=33.514,130.879&z=12",588727,427694,-27.35,48,5,29,6,1,5,2026-05-29T00:25:59.316691+00:00,https://www.reinfolib.mlit.go.jp/
40604,500,1,100000,45,1840,"https://disaportal.gsi.go.jp/hazardmap/maps/index.html?ll=33.6555,130.7726&z=12",2412885,2141863,-11.23,538,42,307,3,0,3,2026-05-29T00:28:01.882830+00:00,https://www.reinfolib.mlit.go.jp/
40605,,0,,,634,"https://disaportal.gsi.go.jp/hazardmap/maps/index.html?ll=33.5705,130.8146&z=12",588727,427694,-27.35,227,18,131,11,1,10,2026-05-29T00:29:55.906419+00:00,https://www.reinfolib.mlit.go.jp/
40608,,0,,,1107,"https://disaportal.gsi.go.jp/hazardmap/maps/index.html?ll=33.6122,130.8518&z=12",1190564,929755,-21.91,203,16,119,3,0,3,2026-05-29T00:32:23.333427+00:00,https://www.reinfolib.mlit.go.jp/
40609,,0,,,1107,"https://disaportal.gsi.go.jp/hazardmap/maps/index.html?ll=33.6066,130.8879&z=12",1190564,929755,-21.91,172,12,101,3,0,3,2026-05-29T00:35:01.284599+00:00,https://www.reinfolib.mlit.go.jp/
40610,,0,,,1107,"https://disaportal.gsi.go.jp/hazardmap/maps/index.html?ll=33.7014,130.7863&z=12",1190564,929755,-21.91,380,26,225,15,1,14,2026-05-29T00:37:35.015462+00:00,https://www.reinfolib.mlit.go.jp/
40621,1600,3,200000,12,927,"https://disaportal.gsi.go.jp/hazardmap/maps/index.html?ll=33.7698,130.9667&z=12",1266386,985689,-22.17,487,29,273,17,4,13,2026-05-29T00:39:54.453183+00:00,https://www.reinfolib.mlit.go.jp/
40625,,0,,,1107,"https://disaportal.gsi.go.jp/hazardmap/maps/index.html?ll=33.6295,130.936&z=12",1190564,929755,-21.91,130,6,75,13,1,12,2026-05-29T00:42:21.064979+00:00,https://www.reinfolib.mlit.go.jp/
40642,,0,,,301,"https://disaportal.gsi.go.jp/hazardmap/maps/index.html?ll=33.6055,131.1705&z=12",311154,252263,-18.93,194,15,116,4,1,3,2026-05-29T00:44:06.391009+00:00,https://www.reinfolib.mlit.go.jp/
40646,,0,,,343,"https://disaportal.gsi.go.jp/hazardmap/maps/index.html?ll=33.5415,131.14&z=12",300349,229925,-23.45,190,14,115,,,,2026-05-29T00:45:55.736610+00:00,https://www.reinfolib.mlit.go.jp/
40647,,0,,,564,"https://disaportal.gsi.go.jp/hazardmap/maps/index.html?ll=33.6084,131.0158&z=12",698361,556141,-20.36,66,4,39,11,1,10,2026-05-29T00:54:11.812987+00:00,https://www.reinfolib.mlit.go.jp/
40801,,0,,,927,"https://disaportal.gsi.go.jp/hazardmap/maps/index.html?ll=33.8278,131.0086&z=12",1266386,985689,-22.17,325,18,190,,,,2026-05-29T00:56:12.327483+00:00,https://www.reinfolib.mlit.go.jp/
41000,1700,111,213333,21.6,428,"https://disaportal.gsi.go.jp/hazardmap/maps/index.html?ll=33.2701,130.1741&z=12",646389,497459,-23.04,316,24,176,,,,2026-05-29T00:58:37.112164+00:00,https://www.reinfolib.mlit.go.jp/
41201,1700,76,212916,21.8,1259,"https://disaportal.gsi.go.jp/hazardmap/maps/index.html?ll=33.325,130.265&z=12",2575583,2325598,-9.71,356,23,209,112,18,94,2026-05-29T01:01:22.768947+00:00,https://www.reinfolib.mlit.go.jp/
41202,1800,13,222222,23.7,444,"https://disaportal.gsi.go.jp/hazardmap/maps/index.html?ll=33.4128,130.0025&z=12",566018,429089,-24.19,143,19,70,50,1,49,2026-05-29T01:03:23.818924+00:00,https://www.reinfolib.mlit.go.jp/
41203,2100,17,242857,19.3,1228,"https://disaportal.gsi.go.jp/hazardmap/maps/index.html?ll=33.3788,130.4917&z=12",2515519,2260903,-10.12,761,42,430,43,5,38,2026-05-29T01:06:07.293094+00:00,https://www.reinfolib.mlit.go.jp/
41204,,0,,,428,"https://disaportal.gsi.go.jp/hazardmap/maps/index.html?ll=33.2763,130.1053&z=12",646389,497459,-23.04,174,17,91,14,0,14,2026-05-29T01:08:35.981150+00:00,https://www.reinfolib.mlit.go.jp/
41205,1800,1,300000,11,487,"https://disaportal.gsi.go.jp/hazardmap/maps/index.html?ll=33.3018,129.8877&z=12",486339,351258,-27.78,88,13,44,37,1,36,2026-05-29T01:11:06.039429+00:00,https://www.reinfolib.mlit.go.jp/
41206,900,2,117676,28.5,461,"https://disaportal.gsi.go.jp/hazardmap/maps/index.html?ll=33.2016,129.9977&z=12",503788,360114,-28.52,131,14,73,26,2,24,2026-05-29T01:13:03.855143+00:00,https://www.reinfolib.mlit.go.jp/
41207,,0,,,517,"https://disaportal.gsi.go.jp/hazardmap/maps/index.html?ll=33.0593,130.094&z=12",660357,509769,-22.8,60,8,30,17,1,16,2026-05-29T01:15:19.392207+00:00,https://www.reinfolib.mlit.go.jp/
41208,1800,1,200000,10,428,"https://disaportal.gsi.go.jp/hazardmap/maps/index.html?ll=33.2789,130.1966&z=12",646389,497459,-23.04,316,24,176,19,1,18,2026-05-29T01:17:12.359361+00:00,https://www.reinfolib.mlit.go.jp/
41209,,0,,,590,"https://disaportal.gsi.go.jp/hazardmap/maps/index.html?ll=33.0949,130.0153&z=12",592017,439378,-25.78,85,9,46,19,1,18,2026-05-29T01:19:36.666142+00:00,https://www.reinfolib.mlit.go.jp/
41210,,0,,,1259,"https://disaportal.gsi.go.jp/hazardmap/maps/index.html?ll=33.3475,130.3515&z=12",2575583,2325598,-9.71,386,26,222,9,0,9,2026-05-29T01:23:46.629778+00:00,https://www.reinfolib.mlit.go.jp/
41327,,0,,,1259,"https://disaportal.gsi.go.jp/hazardmap/maps/index.html?ll=33.3636,130.3965&z=12",2575583,2325598,-9.71,348,24,190,9,2,7,2026-05-29T01:26:31.100501+00:00,https://www.reinfolib.mlit.go.jp/
41341,1100,1,137500,33,1228,"https://disaportal.gsi.go.jp/hazardmap/maps/index.html?ll=33.426,130.5095&z=12",2515519,2260903,-10.12,537,36,300,11,1,10,2026-05-29T01:28:57.191336+00:00,https://www.reinfolib.mlit.go.jp/
41345,,0,,,1259,"https://disaportal.gsi.go.jp/hazardmap/maps/index.html?ll=33.3383,130.4219&z=12",2575583,2325598,-9.71,514,35,283,3,0,3,2026-05-29T01:31:37.343160+00:00,https://www.reinfolib.mlit.go.jp/
41346,,0,,,1228,"https://disaportal.gsi.go.jp/hazardmap/maps/index.html?ll=33.3246,130.4446&z=12",2515519,2260903,-10.12,739,49,409,16,4,12,2026-05-29T01:34:13.075005+00:00,https://www.reinfolib.mlit.go.jp/
41387,,0,,,218,"https://disaportal.gsi.go.jp/hazardmap/maps/index.html?ll=33.4769,129.8677&z=12",171056,118041,-30.99,125,10,73,,,,2026-05-29T01:35:42.615665+00:00,https://www.reinfolib.mlit.go.jp/
41401,,0,,,574,"https://disaportal.gsi.go.jp/hazardmap/maps/index.html?ll=33.1993,129.8649&z=12",512961,365952,-28.66,177,14,102,9,0,9,2026-05-29T01:37:26.511274+00:00,https://www.reinfolib.mlit.go.jp/
41423,,0,,,428,"https://disaportal.gsi.go.jp/hazardmap/maps/index.html?ll=33.2175,130.115&z=12",646389,497459,-23.04,178,17,96,2,0,2,2026-05-29T01:39:22.958947+00:00,https://www.reinfolib.mlit.go.jp/
41424,,0,,,428,"https://disaportal.gsi.go.jp/hazardmap/maps/index.html?ll=33.2191,130.1574&z=12",646389,497459,-23.04,150,15,79,8,1,7,2026-05-29T01:41:36.569267+00:00,https://www.reinfolib.mlit.go.jp/
41425,,0,,,428,"https://disaportal.gsi.go.jp/hazardmap/maps/index.html?ll=33.1649,130.1463&z=12",646389,497459,-23.04,123,14,61,13,0,13,2026-05-29T01:43:34.847655+00:00,https://www.reinfolib.mlit.go.jp/
41441,,0,,,517,"https://disaportal.gsi.go.jp/hazardmap/maps/index.html?ll=32.9952,130.1511&z=12",660357,509769,-22.8,26,4,12,4,0,4,2026-05-29T01:45:22.089272+00:00,https://www.reinfolib.mlit.go.jp/
42000,2200,283,305263,22.4,616,"https://disaportal.gsi.go.jp/hazardmap/maps/index.html?ll=33.0945,129.7329&z=12",590746,441474,-25.27,249,17,147,,,,2026-05-29T01:47:12.287525+00:00,https://www.reinfolib.mlit.go.jp/
42201,2500,199,337500,22.2,548,"https://disaportal.gsi.go.jp/hazardmap/maps/index.html?ll=32.7839,129.8282&z=12",662899,499421,-24.66,832,41,525,143,23,120,2026-05-29T01:48:40.104384+00:00,https://www.reinfolib.mlit.go.jp/
42202,1400,53,212500,24,561,"https://disaportal.gsi.go.jp/hazardmap/maps/index.html?ll=33.2104,129.718&z=12",396875,279106,-29.67,370,22,219,123,26,97,2026-05-29T01:50:31.981456+00:00,https://www.reinfolib.mlit.go.jp/
42203,,0,,,354,"https://disaportal.gsi.go.jp/hazardmap/maps/index.html?ll=32.7944,130.3292&z=12",293114,193546,-33.97,106,10,59,39,2,37,2026-05-29T01:52:11.226409+00:00,https://www.reinfolib.mlit.go.jp/
42204,1350,24,168067,21.4,750,"https://disaportal.gsi.go.jp/hazardmap/maps/index.html?ll=32.8693,130.0697&z=12",800206,593848,-25.79,378,28,232,86,10,76,2026-05-29T01:54:00.017541+00:00,https://www.reinfolib.mlit.go.jp/
42205,2500,3,333333,11.7,750,"https://disaportal.gsi.go.jp/hazardmap/maps/index.html?ll=32.9403,129.9946&z=12",800206,593848,-25.79,266,16,169,86,3,83,2026-05-29T01:56:07.961045+00:00,https://www.reinfolib.mlit.go.jp/
42207,,0,,,347,"https://disaportal.gsi.go.jp/hazardmap/maps/index.html?ll=33.2845,129.4648&z=12",170572,117631,-31.04,13,1,7,9,0,9,2026-05-29T01:57:38.987949+00:00,https://www.reinfolib.mlit.go.jp/
42208,,0,,,511,"https://disaportal.gsi.go.jp/hazardmap/maps/index.html?ll=33.3325,129.7157&z=12",343458,240202,-30.06,46,7,26,17,0,17,2026-05-29T01:59:17.648374+00:00,https://www.reinfolib.mlit.go.jp/
42209,,0,,,140,"https://disaportal.gsi.go.jp/hazardmap/maps/index.html?ll=34.521,129.3705&z=12",11326,5209,-54.01,9,0,8,3,0,3,2026-05-29T02:00:31.594881+00:00,https://www.reinfolib.mlit.go.jp/
42210,,0,,,62,"https://disaportal.gsi.go.jp/hazardmap/maps/index.html?ll=33.7859,129.7182&z=12",22541,13117,-41.81,31,5,17,27,8,19,2026-05-29T02:02:08.355083+00:00,https://www.reinfolib.mlit.go.jp/
42211,,0,,,44,"https://disaportal.gsi.go.jp/hazardmap/maps/index.html?ll=32.6841,128.7457&z=12",34425,19688,-42.81,47,4,31,20,3,17,2026-05-29T02:03:36.417683+00:00,https://www.reinfolib.mlit.go.jp/
42212,,0,,,401,"https://disaportal.gsi.go.jp/hazardmap/maps/index.html?ll=32.99,129.7078&z=12",445046,322790,-27.47,41,4,25,22,3,19,2026-05-29T02:05:33.005548+00:00,https://www.reinfolib.mlit.go.jp/
42213,1900,1,223529,26,478,"https://disaportal.gsi.go.jp/hazardmap/maps/index.html?ll=32.7862,130.2266&z=12",410877,299887,-27.01,71,6,41,33,0,33,2026-05-29T02:07:34.652204+00:00,https://www.reinfolib.mlit.go.jp/
42214,,0,,,402,"https://disaportal.gsi.go.jp/hazardmap/maps/index.html?ll=32.6757,130.2571&z=12",252799,160703,-36.43,82,6,48,34,1,33,2026-05-29T02:09:40.337690+00:00,https://www.reinfolib.mlit.go.jp/
42307,2250,2,314285,15,548,"https://disaportal.gsi.go.jp/hazardmap/maps/index.html?ll=32.8305,129.8842&z=12",662899,499421,-24.66,912,47,575,19,1,18,2026-05-29T02:11:41.618068+00:00,https://www.reinfolib.mlit.go.jp/
42308,1000,1,142857,32,548,"https://disaportal.gsi.go.jp/hazardmap/maps/index.html?ll=32.838,129.8302&z=12",662899,499421,-24.66,784,37,497,20,3,17,2026-05-29T02:13:37.657387+00:00,https://www.reinfolib.mlit.go.jp/
42321,,0,,,590,"https://disaportal.gsi.go.jp/hazardmap/maps/index.html?ll=33.0342,129.9574&z=12",592017,439378,-25.78,76,7,44,6,0,6,2026-05-29T02:15:52.577707+00:00,https://www.reinfolib.mlit.go.jp/
42322,,0,,,616,"https://disaportal.gsi.go.jp/hazardmap/maps/index.html?ll=33.0817,129.8702&z=12",590746,441474,-25.27,138,10,80,8,0,8,2026-05-29T02:18:01.956785+00:00,https://www.reinfolib.mlit.go.jp/
42323,,0,,,616,"https://disaportal.gsi.go.jp/hazardmap/maps/index.html?ll=33.1324,129.8991&z=12",590746,441474,-25.27,158,11,91,6,0,6,2026-05-29T02:20:02.226931+00:00,https://www.reinfolib.mlit.go.jp/
42383,,0,,,65,"https://disaportal.gsi.go.jp/hazardmap/maps/index.html?ll=33.201,129.0618&z=12",8113,3618,-55.4,8,0,6,1,0,1,2026-05-29T02:21:21.403481+00:00,https://www.reinfolib.mlit.go.jp/
42391,,0,,,561,"https://disaportal.gsi.go.jp/hazardmap/maps/index.html?ll=33.2446,129.6564&z=12",396875,279106,-29.67,317,20,185,5,0,5,2026-05-29T02:23:14.591006+00:00,https://www.reinfolib.mlit.go.jp/
42411,,0,,,127,"https://disaportal.gsi.go.jp/hazardmap/maps/index.html?ll=32.965,129.0844&z=12",18319,8151,-55.51,25,1,14,11,2,9,2026-05-29T02:24:33.947935+00:00,https://www.reinfolib.mlit.go.jp/
43000,1800,602,228717,23.6,664,"https://disaportal.gsi.go.jp/hazardmap/maps/index.html?ll=32.665,130.7565&z=12",978857,838174,-14.37,292,30,158,,,,2026-05-29T02:26:56.309434+00:00,https://www.reinfolib.mlit.go.jp/
43100,1800,581,230769,23.8,664,"https://disaportal.gsi.go.jp/hazardmap/maps/index.html?ll=32.665,130.7565&z=12",978857,838174,-14.37,292,30,158,68,10,58,2026-05-29T02:29:29.493684+00:00,https://www.reinfolib.mlit.go.jp/
43101,1850,354,235294,25.0,809,"https://disaportal.gsi.go.jp/hazardmap/maps/index.html?ll=32.7993,130.7225&z=12",1292235,1115138,-13.7,1251,101,703,75,17,58,2026-05-29T02:31:50.751154+00:00,https://www.reinfolib.mlit.go.jp/
43102,1500,93,188888,25.3,809,"https://disaportal.gsi.go.jp/hazardmap/maps/index.html?ll=32.8043,130.7757&z=12",1292235,1115138,-13.7,1266,105,709,92,3,89,2026-05-29T02:36:27.528355+00:00,https://www.reinfolib.mlit.go.jp/
43103,2700,70,349206,16.2,809,"https://disaportal.gsi.go.jp/hazardmap/maps/index.html?ll=32.8108,130.6426&z=12",1292235,1115138,-13.7,755,68,425,37,5,32,2026-05-29T02:39:01.263840+00:00,https://www.reinfolib.mlit.go.jp/
43104,1850,30,251428,22.9,809,"https://disaportal.gsi.go.jp/hazardmap/maps/index.html?ll=32.7258,130.6913&z=12",1292235,1115138,-13.7,843,72,469,67,7,60,2026-05-29T02:41:40.565866+00:00,https://www.reinfolib.mlit.go.jp/
43105,1700,34,221025,23.4,825,"https://disaportal.gsi.go.jp/hazardmap/maps/index.html?ll=32.8906,130.6988&z=12",1351944,1149143,-15.0,585,45,337,53,5,48,2026-05-29T02:44:18.482628+00:00,https://www.reinfolib.mlit.go.jp/
43202,1800,7,211764,20.1,341,"https://disaportal.gsi.go.jp/hazardmap/maps/index.html?ll=32.4906,130.7504&z=12",274452,195108,-28.91,35,1,25,1,0,1,2026-05-29T02:46:19.678611+00:00,https://www.reinfolib.mlit.go.jp/
43203,665,2,133434,32,214,"https://disaportal.gsi.go.jp/hazardmap/maps/index.html?ll=32.1637,130.7496&z=12",142065,85463,-39.84,91,11,51,11,3,8,2026-05-29T02:48:46.103283+00:00,https://www.reinfolib.mlit.go.jp/
43204,1400,6,187500,19.2,704,"https://disaportal.gsi.go.jp/hazardmap/maps/index.html?ll=32.9761,130.4755&z=12",1207413,998681,-17.29,366,30,211,11,8,3,2026-05-29T02:51:36.567848+00:00,https://www.reinfolib.mlit.go.jp/
43205,,0,,,291,"https://disaportal.gsi.go.jp/hazardmap/maps/index.html?ll=32.1705,130.4622&z=12",158427,100046,-36.85,78,8,48,8,2,6,2026-05-29T02:53:16.782045+00:00,https://www.reinfolib.mlit.go.jp/
43206,1300,1,173333,24,704,"https://disaportal.gsi.go.jp/hazardmap/maps/index.html?ll=32.9155,130.5602&z=12",1207413,998681,-17.29,190,12,120,9,4,5,2026-05-29T02:57:34.080784+00:00,https://www.reinfolib.mlit.go.jp/
43208,,0,,,517,"https://disaportal.gsi.go.jp/hazardmap/maps/index.html?ll=33.0559,130.7231&z=12",843242,665127,-21.12,134,10,83,8,2,6,2026-05-29T03:00:56.411892+00:00,https://www.reinfolib.mlit.go.jp/
43210,,0,,,451,"https://disaportal.gsi.go.jp/hazardmap/maps/index.html?ll=32.9911,130.8552&z=12",419999,343892,-18.12,83,5,53,5,3,2,2026-05-29T03:05:43.881154+00:00,https://www.reinfolib.mlit.go.jp/
43211,,0,,,664,"https://disaportal.gsi.go.jp/hazardmap/maps/index.html?ll=32.6808,130.6131&z=12",978857,838174,-14.37,234,22,125,6,2,4,2026-05-29T03:08:14.910118+00:00,https://www.reinfolib.mlit.go.jp/
43212,,0,,,359,"https://disaportal.gsi.go.jp/hazardmap/maps/index.html?ll=32.4599,130.396&z=12",193247,118376,-38.74,28,1,19,,,,2026-05-29T03:10:51.772560+00:00,https://www.reinfolib.mlit.go.jp/
43213,,0,,,664,"https://disaportal.gsi.go.jp/hazardmap/maps/index.html?ll=32.6279,130.661&z=12",978857,838174,-14.37,177,16,98,5,1,4,2026-05-29T03:14:28.080099+00:00,https://www.reinfolib.mlit.go.jp/
43214,,0,,,412,"https://disaportal.gsi.go.jp/hazardmap/maps/index.html?ll=32.9561,131.0946&z=12",281447,238040,-15.42,33,4,21,,,,2026-05-29T04:18:00.481809+00:00,https://www.reinfolib.mlit.go.jp/
43215,,0,,,358,"https://disaportal.gsi.go.jp/hazardmap/maps/index.html?ll=32.3705,130.0999&z=12",121636,71182,-41.48,80,7,45,5,4,1,2026-05-29T04:19:29.576856+00:00,https://www.reinfolib.mlit.go.jp/
43216,,0,,,825,"https://disaportal.gsi.go.jp/hazardmap/maps/index.html?ll=32.8931,130.7687&z=12",1351944,1149143,-15.0,615,49,355,6,2,4,2026-05-29T04:21:39.689961+00:00,https://www.reinfolib.mlit.go.jp/
43348,,0,,,643,"https://disaportal.gsi.go.jp/hazardmap/maps/index.html?ll=32.6136,130.8715&z=12",916103,792205,-13.52,32,5,16,3,1,2,2026-05-29T04:23:10.363307+00:00,https://www.reinfolib.mlit.go.jp/
43364,,0,,,825,"https://disaportal.gsi.go.jp/hazardmap/maps/index.html?ll=32.9017,130.6291&z=12",1351944,1149143,-15.0,344,29,203,1,0,1,2026-05-29T04:24:49.389573+00:00,https://www.reinfolib.mlit.go.jp/
43367,,0,,,556,"https://disaportal.gsi.go.jp/hazardmap/maps/index.html?ll=33.0352,130.5501&z=12",1011020,784085,-22.45,322,29,183,1,1,0,2026-05-29T04:26:25.985473+00:00,https://www.reinfolib.mlit.go.jp/
43368,,0,,,704,"https://disaportal.gsi.go.jp/hazardmap/maps/index.html?ll=32.9285,130.4681&z=12",1207413,998681,-17.29,225,15,135,2,0,2,2026-05-29T04:27:57.752789+00:00,https://www.reinfolib.mlit.go.jp/
43369,,0,,,517,"https://disaportal.gsi.go.jp/hazardmap/maps/index.html?ll=33.0412,130.6141&z=12",843242,665127,-21.12,87,7,51,,,,2026-05-29T04:29:38.450190+00:00,https://www.reinfolib.mlit.go.jp/
43403,,0,,,803,"https://disaportal.gsi.go.jp/hazardmap/maps/index.html?ll=32.8958,130.9051&z=12",,,,186,15,112,5,2,3,2026-05-29T04:55:14.894016+00:00,https://www.reinfolib.mlit.go.jp/
43404,3400,5,322222,14.8,803,"https://disaportal.gsi.go.jp/hazardmap/maps/index.html?ll=32.8592,130.8237&z=12",1130472,990919,-12.34,1089,87,619,6,1,5,2026-05-29T04:57:02.716030+00:00,https://www.reinfolib.mlit.go.jp/
43423,,0,,,336,"https://disaportal.gsi.go.jp/hazardmap/maps/index.html?ll=33.068,131.0905&z=12",189697,152809,-19.45,14,1,9,,,,2026-05-29T04:58:20.589522+00:00,https://www.reinfolib.mlit.go.jp/
43424,,0,,,297,"https://disaportal.gsi.go.jp/hazardmap/maps/index.html?ll=33.1426,131.0711&z=12",120839,75717,-37.34,20,1,14,1,1,0,2026-05-29T04:59:38.170010+00:00,https://www.reinfolib.mlit.go.jp/
43425,,0,,,351,"https://disaportal.gsi.go.jp/hazardmap/maps/index.html?ll=33.0107,131.2053&z=12",104180,64093,-38.48,22,2,14,,,,2026-05-29T05:01:00.671180+00:00,https://www.reinfolib.mlit.go.jp/
43428,,0,,,262,"https://disaportal.gsi.go.jp/hazardmap/maps/index.html?ll=32.8405,131.203&z=12",82002,48443,-40.92,15,0,11,1,1,0,2026-05-29T05:02:17.697826+00:00,https://www.reinfolib.mlit.go.jp/
43432,,0,,,839,"https://disaportal.gsi.go.jp/hazardmap/maps/index.html?ll=32.8223,130.9314&z=12",1197473,1044325,-12.79,72,6,46,,,,2026-05-29T05:03:55.622886+00:00,https://www.reinfolib.mlit.go.jp/
43433,,0,,,412,"https://disaportal.gsi.go.jp/hazardmap/maps/index.html?ll=32.8441,131.0373&z=12",281447,238040,-15.42,40,4,26,,,,2026-05-29T05:05:17.324484+00:00,https://www.reinfolib.mlit.go.jp/
43441,,0,,,839,"https://disaportal.gsi.go.jp/hazardmap/maps/index.html?ll=32.7306,130.8575&z=12",1197473,1044325,-12.79,309,23,180,1,1,0,2026-05-29T05:06:55.309102+00:00,https://www.reinfolib.mlit.go.jp/
43442,,0,,,809,"https://disaportal.gsi.go.jp/hazardmap/maps/index.html?ll=32.746,130.7556&z=12",1292235,1115138,-13.7,1084,93,606,1,0,1,2026-05-29T05:08:30.068890+00:00,https://www.reinfolib.mlit.go.jp/
43443,,0,,,839,"https://disaportal.gsi.go.jp/hazardmap/maps/index.html?ll=32.7875,130.834&z=12",1197473,1044325,-12.79,582,39,335,5,2,3,2026-05-29T05:10:02.481077+00:00,https://www.reinfolib.mlit.go.jp/
43444,,0,,,643,"https://disaportal.gsi.go.jp/hazardmap/maps/index.html?ll=32.672,130.817&z=12",916103,792205,-13.52,149,24,72,,,,2026-05-29T05:11:29.540522+00:00,https://www.reinfolib.mlit.go.jp/
43447,,0,,,413,"https://disaportal.gsi.go.jp/hazardmap/maps/index.html?ll=32.6991,131.0492&z=12",288791,241449,-16.39,19,3,11,3,1,2,2026-05-29T05:12:52.882595+00:00,https://www.reinfolib.mlit.go.jp/
43468,,0,,,664,"https://disaportal.gsi.go.jp/hazardmap/maps/index.html?ll=32.5751,130.6759&z=12",978857,838174,-14.37,264,18,155,3,3,0,2026-05-29T05:14:24.544592+00:00,https://www.reinfolib.mlit.go.jp/
43482,,0,,,372,"https://disaportal.gsi.go.jp/hazardmap/maps/index.html?ll=32.2916,130.5413&z=12",210047,140133,-33.28,30,3,22,1,0,1,2026-05-29T05:15:42.028391+00:00,https://www.reinfolib.mlit.go.jp/
43484,,0,,,291,"https://disaportal.gsi.go.jp/hazardmap/maps/index.html?ll=32.2415,130.4604&z=12",158427,100046,-36.85,67,10,44,,,,2026-05-29T05:17:00.483081+00:00,https://www.reinfolib.mlit.go.jp/
43501,,0,,,188,"https://disaportal.gsi.go.jp/hazardmap/maps/index.html?ll=32.1824,130.8491&z=12",151336,96958,-35.93,118,11,71,2,0,2,2026-05-29T05:18:20.937616+00:00,https://www.reinfolib.mlit.go.jp/
43505,,0,,,186,"https://disaportal.gsi.go.jp/hazardmap/maps/index.html?ll=32.2435,130.9925&z=12",115192,75612,-34.36,38,2,25,1,1,0,2026-05-29T05:19:39.481091+00:00,https://www.reinfolib.mlit.go.jp/
43506,,0,,,127,"https://disaportal.gsi.go.jp/hazardmap/maps/index.html?ll=32.2715,131.0115&z=12",48595,29490,-39.31,23,2,14,1,0,1,2026-05-29T05:20:56.054631+00:00,https://www.reinfolib.mlit.go.jp/
43507,,0,,,127,"https://disaportal.gsi.go.jp/hazardmap/maps/index.html?ll=32.3652,131.017&z=12",48595,29490,-39.31,4,0,3,,,,2026-05-29T05:22:12.851132+00:00,https://www.reinfolib.mlit.go.jp/
43510,,0,,,193,"https://disaportal.gsi.go.jp/hazardmap/maps/index.html?ll=32.3028,130.8295&z=12",131100,88454,-32.53,85,9,50,1,0,1,2026-05-29T05:23:33.204900+00:00,https://www.reinfolib.mlit.go.jp/
43511,,0,,,281,"https://disaportal.gsi.go.jp/hazardmap/maps/index.html?ll=32.4201,130.8401&z=12",198532,142021,-28.46,2,0,2,,,,2026-05-29T05:24:56.720285+00:00,https://www.reinfolib.mlit.go.jp/
43512,,0,,,278,"https://disaportal.gsi.go.jp/hazardmap/maps/index.html?ll=32.3149,130.7568&z=12",200568,136389,-32.0,62,9,33,1,0,1,2026-05-29T05:26:13.674264+00:00,https://www.reinfolib.mlit.go.jp/
43513,,0,,,278,"https://disaportal.gsi.go.jp/hazardmap/maps/index.html?ll=32.2609,130.6509&z=12",200568,136389,-32.0,81,11,44,,,,2026-05-29T05:27:30.570800+00:00,https://www.reinfolib.mlit.go.jp/
43514,,0,,,188,"https://disaportal.gsi.go.jp/hazardmap/maps/index.html?ll=32.2088,130.919&z=12",151336,96958,-35.93,42,2,28,3,2,1,2026-05-29T05:28:54.343171+00:00,https://www.reinfolib.mlit.go.jp/
43531,,0,,,212,"https://disaportal.gsi.go.jp/hazardmap/maps/index.html?ll=32.4859,130.0717&z=12",111529,66082,-40.75,18,4,11,,,,2026-05-29T05:30:12.365436+00:00,https://www.reinfolib.mlit.go.jp/
44000,1800,372,233333,23.2,553,"https://disaportal.gsi.go.jp/hazardmap/maps/index.html?ll=33.2788,131.4651&z=12",576141,469768,-18.46,278,34,162,,,,2026-05-29T05:31:35.973677+00:00,https://www.reinfolib.mlit.go.jp/
44201,1900,285,237500,23.4,601,"https://disaportal.gsi.go.jp/hazardmap/maps/index.html?ll=33.1794,131.64&z=12",736236,612725,-16.78,644,51,372,204,34,170,2026-05-29T05:33:03.960610+00:00,https://www.reinfolib.mlit.go.jp/
44202,1700,77,212500,22.6,710,"https://disaportal.gsi.go.jp/hazardmap/maps/index.html?ll=33.2858,131.4529&z=12",653574,533234,-18.41,262,33,149,,,,2026-05-29T05:34:25.759777+00:00,https://www.reinfolib.mlit.go.jp/
44203,1850,4,241250,15.8,447,"https://disaportal.gsi.go.jp/hazardmap/maps/index.html?ll=33.4648,131.1266&z=12",372868,273188,-26.73,15,0,12,8,0,8,2026-05-29T05:42:50.854182+00:00,https://www.reinfolib.mlit.go.jp/
44204,1900,2,227777,20.5,343,"https://disaportal.gsi.go.jp/hazardmap/maps/index.html?ll=33.2445,130.9506&z=12",264864,182578,-31.07,70,9,33,23,5,18,2026-05-29T05:44:12.110546+00:00,https://www.reinfolib.mlit.go.jp/
44205,,0,,,553,"https://disaportal.gsi.go.jp/hazardmap/maps/index.html?ll=32.8854,131.7741&z=12",138119,82017,-40.62,18,1,11,7,2,5,2026-05-29T05:45:29.147157+00:00,https://www.reinfolib.mlit.go.jp/
44206,,0,,,650,"https://disaportal.gsi.go.jp/hazardmap/maps/index.html?ll=33.0722,131.7445&z=12",650158,532136,-18.15,87,8,52,15,3,12,2026-05-29T05:46:52.669628+00:00,https://www.reinfolib.mlit.go.jp/
44207,,0,,,500,"https://disaportal.gsi.go.jp/hazardmap/maps/index.html?ll=33.0689,131.8642&z=12",255299,197050,-22.82,72,4,45,,,,2026-05-29T07:07:57.713436+00:00,https://www.reinfolib.mlit.go.jp/
44213,600,3,100000,35,553,"https://disaportal.gsi.go.jp/hazardmap/maps/index.html?ll=33.2086,131.3842&z=12",,,,,,,,,,2026-05-29T07:28:53.496730+00:00,https://www.reinfolib.mlit.go.jp/
44322,,0,,,320,"https://disaportal.gsi.go.jp/hazardmap/maps/index.html?ll=33.728,131.6637&z=12",76645,53254,-30.52,8,1,5,2,1,1,2026-05-29T07:30:36.827513+00:00,https://www.reinfolib.mlit.go.jp/
44341,,0,,,829,"https://disaportal.gsi.go.jp/hazardmap/maps/index.html?ll=33.3763,131.5275&z=12",761887,636618,-16.44,180,21,104,19,5,14,2026-05-29T07:32:53.217616+00:00,https://www.reinfolib.mlit.go.jp/
44461,,0,,,324,"https://disaportal.gsi.go.jp/hazardmap/maps/index.html?ll=33.1924,131.2126&z=12",124409,80890,-34.98,28,3,14,2,0,2,2026-05-29T07:34:37.298514+00:00,https://www.reinfolib.mlit.go.jp/
44462,,0,,,370,"https://disaportal.gsi.go.jp/hazardmap/maps/index.html?ll=33.3044,131.1614&z=12",202754,145014,-28.48,32,3,18,9,2,7,2026-05-29T07:36:36.258265+00:00,https://www.reinfolib.mlit.go.jp/
45000,1900,221,257142,21.5,395,"https://disaportal.gsi.go.jp/hazardmap/maps/index.html?ll=32.195,131.305&z=12",186782,137577,-26.34,4,0,3,,,,2026-05-29T07:38:42.875547+00:00,https://www.reinfolib.mlit.go.jp/
45201,2000,211,257142,21.5,833,"https://disaportal.gsi.go.jp/hazardmap/maps/index.html?ll=31.8921,131.3584&z=12",470154,397569,-15.44,635,39,376,246,27,219,2026-05-29T07:40:29.904614+00:00,https://www.reinfolib.mlit.go.jp/
45202,850,3,130769,27.7,274,"https://disaportal.gsi.go.jp/hazardmap/maps/index.html?ll=31.8092,131.079&z=12",311394,237174,-23.83,142,12,86,81,7,74,2026-05-29T07:43:36.275440+00:00,https://www.reinfolib.mlit.go.jp/
45203,1850,6,257142,17.5,893,"https://disaportal.gsi.go.jp/hazardmap/maps/index.html?ll=32.6724,131.6424&z=12",193013,135585,-29.75,38,4,20,29,2,27,2026-05-29T07:45:08.337808+00:00,https://www.reinfolib.mlit.go.jp/
45204,,0,,,120,"https://disaportal.gsi.go.jp/hazardmap/maps/index.html?ll=31.6505,131.3306&z=12",75409,47066,-37.59,68,8,41,31,2,29,2026-05-29T07:46:38.317570+00:00,https://www.reinfolib.mlit.go.jp/
45205,,0,,,170,"https://disaportal.gsi.go.jp/hazardmap/maps/index.html?ll=32.0341,131.0402&z=12",144745,97290,-32.79,58,11,30,34,7,27,2026-05-29T07:48:51.601078+00:00,https://www.reinfolib.mlit.go.jp/
45206,1200,1,171428,20,616,"https://disaportal.gsi.go.jp/hazardmap/maps/index.html?ll=32.3771,131.523&z=12",163493,115239,-29.51,,,,9,1,8,2026-05-29T07:50:37.064857+00:00,https://www.reinfolib.mlit.go.jp/
45207,,0,,,182,"https://disaportal.gsi.go.jp/hazardmap/maps/index.html?ll=31.4858,131.2645&z=12",119735,75933,-36.58,24,2,18,16,0,16,2026-05-29T07:52:41.634022+00:00,https://www.reinfolib.mlit.go.jp/
45208,,0,,,486,"https://disaportal.gsi.go.jp/hazardmap/maps/index.html?ll=32.1729,131.3154&z=12",205926,151512,-26.42,40,4,21,21,2,19,2026-05-29T07:54:29.141673+00:00,https://www.reinfolib.mlit.go.jp/
45209,,0,,,175,"https://disaportal.gsi.go.jp/hazardmap/maps/index.html?ll=32.0463,130.8389&z=12",181158,117423,-35.18,38,3,24,13,1,12,2026-05-29T07:56:55.344830+00:00,https://www.reinfolib.mlit.go.jp/
45341,,0,,,827,"https://disaportal.gsi.go.jp/hazardmap/maps/index.html?ll=31.7311,131.177&z=12",596778,490471,-17.81,69,7,41,17,2,15,2026-05-29T07:59:01.226012+00:00,https://www.reinfolib.mlit.go.jp/
45361,,0,,,274,"https://disaportal.gsi.go.jp/hazardmap/maps/index.html?ll=31.9228,130.9977&z=12",311394,237174,-23.83,68,11,38,9,1,8,2026-05-29T08:01:11.501963+00:00,https://www.reinfolib.mlit.go.jp/
45382,,0,,,915,"https://disaportal.gsi.go.jp/hazardmap/maps/index.html?ll=32.039,131.2877&z=12",529173,437460,-17.33,52,5,32,12,1,11,2026-05-29T08:03:23.117882+00:00,https://www.reinfolib.mlit.go.jp/
45383,,0,,,915,"https://disaportal.gsi.go.jp/hazardmap/maps/index.html?ll=32.0317,131.2085&z=12",529173,437460,-17.33,20,3,10,5,1,4,2026-05-29T08:05:35.653886+00:00,https://www.reinfolib.mlit.go.jp/
45401,,0,,,417,"https://disaportal.gsi.go.jp/hazardmap/maps/index.html?ll=32.1315,131.5025&z=12",187627,138784,-26.03,118,8,71,13,3,10,2026-05-29T08:07:11.341234+00:00,https://www.reinfolib.mlit.go.jp/
45402,,0,,,965,"https://disaportal.gsi.go.jp/hazardmap/maps/index.html?ll=32.082,131.4661&z=12",511101,426314,-16.59,143,9,83,11,1,10,2026-05-29T08:09:41.214754+00:00,https://www.reinfolib.mlit.go.jp/
45403,,0,,,395,"https://disaportal.gsi.go.jp/hazardmap/maps/index.html?ll=32.2261,131.1592&z=12",186782,137577,-26.34,5,0,4,1,0,1,2026-05-29T08:11:26.756844+00:00,https://www.reinfolib.mlit.go.jp/
45404,,0,,,486,"https://disaportal.gsi.go.jp/hazardmap/maps/index.html?ll=32.2446,131.3979&z=12",205926,151512,-26.42,19,2,12,4,0,4,2026-05-29T08:13:14.620217+00:00,https://www.reinfolib.mlit.go.jp/
45405,,0,,,417,"https://disaportal.gsi.go.jp/hazardmap/maps/index.html?ll=32.2094,131.5037&z=12",187627,138784,-26.03,95,9,54,12,2,10,2026-05-29T08:15:08.142946+00:00,https://www.reinfolib.mlit.go.jp/
45406,,0,,,616,"https://disaportal.gsi.go.jp/hazardmap/maps/index.html?ll=32.2785,131.5075&z=12",163493,115239,-29.51,25,4,14,7,1,6,2026-05-29T08:16:48.609780+00:00,https://www.reinfolib.mlit.go.jp/
45421,,0,,,917,"https://disaportal.gsi.go.jp/hazardmap/maps/index.html?ll=32.4915,131.5916&z=12",201627,141845,-29.65,191,21,104,13,1,12,2026-05-29T08:18:24.878898+00:00,https://www.reinfolib.mlit.go.jp/
45429,,0,,,203,"https://disaportal.gsi.go.jp/hazardmap/maps/index.html?ll=32.5582,131.3061&z=12",44164,24617,-44.26,4,0,3,3,1,2,2026-05-29T08:20:17.841355+00:00,https://www.reinfolib.mlit.go.jp/
45430,,0,,,208,"https://disaportal.gsi.go.jp/hazardmap/maps/index.html?ll=32.4617,131.143&z=12",26983,13749,-49.05,4,1,2,5,0,5,2026-05-29T08:21:39.527115+00:00,https://www.reinfolib.mlit.go.jp/
45431,,0,,,415,"https://disaportal.gsi.go.jp/hazardmap/maps/index.html?ll=32.44,131.3712&z=12",122255,85825,-29.8,13,1,8,7,3,4,2026-05-29T08:23:38.785047+00:00,https://www.reinfolib.mlit.go.jp/
45441,,0,,,216,"https://disaportal.gsi.go.jp/hazardmap/maps/index.html?ll=32.7468,131.3146&z=12",85894,52582,-38.78,17,3,7,10,1,9,2026-05-29T08:25:17.143360+00:00,https://www.reinfolib.mlit.go.jp/
45442,,0,,,356,"https://disaportal.gsi.go.jp/hazardmap/maps/index.html?ll=32.6916,131.4136&z=12",,,,9,2,4,2,0,2,2026-05-29T09:07:31.772599+00:00,https://www.reinfolib.mlit.go.jp/
45443,,0,,,203,"https://disaportal.gsi.go.jp/hazardmap/maps/index.html?ll=32.6437,131.1899&z=12",,,,,,,,,,2026-05-29T09:09:01.119289+00:00,https://www.reinfolib.mlit.go.jp/
46203,1600,1,168421,14,351,"https://disaportal.gsi.go.jp/hazardmap/maps/index.html?ll=31.4267,130.8674&z=12",220552,156819,-28.9,136,15,73,56,5,51,2026-05-29T11:19:24.878020+00:00,https://www.reinfolib.mlit.go.jp/
46204,,0,,,293,"https://disaportal.gsi.go.jp/hazardmap/maps/index.html?ll=31.2902,130.3109&z=12",133368,89333,-33.02,63,11,32,9,2,7,2026-05-29T11:22:28.896790+00:00,https://www.reinfolib.mlit.go.jp/
46206,,0,,,242,"https://disaportal.gsi.go.jp/hazardmap/maps/index.html?ll=32.0164,130.2334&z=12",165541,116131,-29.85,58,6,32,9,0,9,2026-05-29T11:25:50.957633+00:00,https://www.reinfolib.mlit.go.jp/
46208,,0,,,314,"https://disaportal.gsi.go.jp/hazardmap/maps/index.html?ll=32.0634,130.364&z=12",193178,132716,-31.3,70,5,40,26,7,19,2026-05-29T11:29:49.755872+00:00,https://www.reinfolib.mlit.go.jp/
46210,,0,,,264,"https://disaportal.gsi.go.jp/hazardmap/maps/index.html?ll=31.2301,130.5827&z=12",171120,114075,-33.34,72,9,40,25,4,21,2026-05-29T11:32:50.248594+00:00,https://www.reinfolib.mlit.go.jp/
46213,,0,,,21,"https://disaportal.gsi.go.jp/hazardmap/maps/index.html?ll=30.7035,131.0225&z=12",21773,13787,-36.68,13,2,7,9,2,7,2026-05-29T11:34:43.798703+00:00,https://www.reinfolib.mlit.go.jp/
46214,,0,,,1024,"https://disaportal.gsi.go.jp/hazardmap/maps/index.html?ll=31.5118,130.763&z=12",889660,752731,-15.39,19,1,11,9,2,7,2026-05-29T11:39:07.086312+00:00,https://www.reinfolib.mlit.go.jp/
46215,2350,12,318823,7.2,336,"https://disaportal.gsi.go.jp/hazardmap/maps/index.html?ll=31.8382,130.358&z=12",250801,179191,-28.55,145,13,89,42,6,36,2026-05-29T11:44:32.909016+00:00,https://www.reinfolib.mlit.go.jp/
46216,,0,,,987,"https://disaportal.gsi.go.jp/hazardmap/maps/index.html?ll=31.5993,130.3821&z=12",734680,605820,-17.54,90,8,51,24,4,20,2026-05-29T11:51:27.426147+00:00,https://www.reinfolib.mlit.go.jp/
46217,,0,,,279,"https://disaportal.gsi.go.jp/hazardmap/maps/index.html?ll=31.6562,130.9747&z=12",274400,207900,-24.23,190,24,104,19,1,18,2026-05-29T11:58:27.360135+00:00,https://www.reinfolib.mlit.go.jp/
46218,2100,27,270588,14.6,325,"https://disaportal.gsi.go.jp/hazardmap/maps/index.html?ll=31.8056,130.7818&z=12",461942,367245,-20.5,145,12,84,48,5,43,2026-05-29T12:04:37.548085+00:00,https://www.reinfolib.mlit.go.jp/
46219,,0,,,873,"https://disaportal.gsi.go.jp/hazardmap/maps/index.html?ll=31.7328,130.2889&z=12",732653,604539,-17.49,165,17,97,11,2,9,2026-05-29T12:10:22.812491+00:00,https://www.reinfolib.mlit.go.jp/
46220,,0,,,901,"https://disaportal.gsi.go.jp/hazardmap/maps/index.html?ll=31.3911,130.2791&z=12",675890,555866,-17.76,61,7,40,15,1,14,2026-05-29T12:14:20.287826+00:00,https://www.reinfolib.mlit.go.jp/
46221,,0,,,327,"https://disaportal.gsi.go.jp/hazardmap/maps/index.html?ll=31.5316,131.0926&z=12",356393,276702,-22.36,47,5,29,18,0,18,2026-05-29T12:19:02.399130+00:00,https://www.reinfolib.mlit.go.jp/
46222,4500,1,642857,0,273,"https://disaportal.gsi.go.jp/hazardmap/maps/index.html?ll=28.3169,129.4572&z=12",51248,36604,-28.57,55,6,33,17,7,10,2026-05-29T12:20:53.819375+00:00,https://www.reinfolib.mlit.go.jp/
46223,,0,,,264,"https://disaportal.gsi.go.jp/hazardmap/maps/index.html?ll=31.3404,130.4368&z=12",171120,114075,-33.34,66,7,40,22,1,21,2026-05-29T12:24:29.697895+00:00,https://www.reinfolib.mlit.go.jp/
46224,,0,,,306,"https://disaportal.gsi.go.jp/hazardmap/maps/index.html?ll=32.0584,130.601&z=12",228915,156816,-31.5,38,6,24,20,1,19,2026-05-29T12:28:37.122441+00:00,https://www.reinfolib.mlit.go.jp/
46225,2100,1,350000,9,1085,"https://disaportal.gsi.go.jp/hazardmap/maps/index.html?ll=31.7811,130.5961&z=12",899300,749366,-16.67,123,12,74,41,6,35,2026-05-29T12:36:20.303454+00:00,https://www.reinfolib.mlit.go.jp/
46303,,0,,,4,"https://disaportal.gsi.go.jp/hazardmap/maps/index.html?ll=30.8307,129.9343&z=12",155,108,-30.32,2,0,2,,,,2026-05-29T12:37:34.373357+00:00,https://www.reinfolib.mlit.go.jp/
46304,,0,,,10,"https://disaportal.gsi.go.jp/hazardmap/maps/index.html?ll=29.8489,129.8712&z=12",252,152,-39.68,1,0,1,,,,2026-05-29T12:38:48.482686+00:00,https://www.reinfolib.mlit.go.jp/
46392,,0,,,431,"https://disaportal.gsi.go.jp/hazardmap/maps/index.html?ll=31.9375,130.476&z=12",417359,324842,-22.17,40,4,27,13,1,12,2026-05-29T12:45:14.383190+00:00,https://www.reinfolib.mlit.go.jp/
46404,,0,,,267,"https://disaportal.gsi.go.jp/hazardmap/maps/index.html?ll=32.164,130.1509&z=12",117291,73708,-37.16,17,1,13,8,1,7,2026-05-29T12:49:53.287383+00:00,https://www.reinfolib.mlit.go.jp/
46452,,0,,,208,"https://disaportal.gsi.go.jp/hazardmap/maps/index.html?ll=31.9688,130.7286&z=12",156621,96282,-38.53,61,7,36,5,1,4,2026-05-29T12:56:51.695550+00:00,https://www.reinfolib.mlit.go.jp/
46468,,0,,,231,"https://disaportal.gsi.go.jp/hazardmap/maps/index.html?ll=31.4642,130.9745&z=12",190631,136662,-28.31,89,8,49,8,0,8,2026-05-29T13:01:50.482372+00:00,https://www.reinfolib.mlit.go.jp/
46482,,0,,,231,"https://disaportal.gsi.go.jp/hazardmap/maps/index.html?ll=31.3836,130.9864&z=12",190631,136662,-28.31,98,9,52,4,1,3,2026-05-29T13:08:59.591240+00:00,https://www.reinfolib.mlit.go.jp/
46490,,0,,,196,"https://disaportal.gsi.go.jp/hazardmap/maps/index.html?ll=31.2169,130.8582&z=12",191880,139911,-27.08,19,1,13,6,1,5,2026-05-29T13:12:52.856021+00:00,https://www.reinfolib.mlit.go.jp/
46491,,0,,,112,"https://disaportal.gsi.go.jp/hazardmap/maps/index.html?ll=31.1221,130.7737&z=12",82074,50274,-38.75,9,0,7,1,0,1,2026-05-29T13:15:45.355418+00:00,https://www.reinfolib.mlit.go.jp/
46492,,0,,,157,"https://disaportal.gsi.go.jp/hazardmap/maps/index.html?ll=31.2649,130.9913&z=12",160200,119342,-25.5,23,2,13,11,2,9,2026-05-29T13:19:21.718876+00:00,https://www.reinfolib.mlit.go.jp/
46501,,0,,,38,"https://disaportal.gsi.go.jp/hazardmap/maps/index.html?ll=30.5376,130.9595&z=12",24899,16091,-35.37,8,0,5,2,1,1,2026-05-29T13:21:18.916245+00:00,https://www.reinfolib.mlit.go.jp/
46502,,0,,,41,"https://disaportal.gsi.go.jp/hazardmap/maps/index.html?ll=30.4125,130.9088&z=12",16388,11299,-31.05,9,1,7,2,0,2,2026-05-29T13:23:16.656623+00:00,https://www.reinfolib.mlit.go.jp/
46505,,0,,,46,"https://disaportal.gsi.go.jp/hazardmap/maps/index.html?ll=30.3392,130.5221&z=12",11275,8187,-27.39,5,1,3,4,0,4,2026-05-29T13:24:57.528622+00:00,https://www.reinfolib.mlit.go.jp/
46523,,0,,,197,"https://disaportal.gsi.go.jp/hazardmap/maps/index.html?ll=28.33,129.357&z=12",40836,28716,-29.68,10,0,10,,,,2026-05-29T13:27:19.193786+00:00,https://www.reinfolib.mlit.go.jp/
46524,,0,,,252,"https://disaportal.gsi.go.jp/hazardmap/maps/index.html?ll=28.2706,129.2782&z=12",45464,31896,-29.84,6,0,6,2,0,2,2026-05-29T13:52:01.503684+00:00,https://www.reinfolib.mlit.go.jp/
46525,,0,,,252,"https://disaportal.gsi.go.jp/hazardmap/maps/index.html?ll=28.1969,129.3163&z=12",45464,31896,-29.84,15,2,9,7,2,5,2026-05-29T13:53:39.732892+00:00,https://www.reinfolib.mlit.go.jp/
46527,,0,,,193,"https://disaportal.gsi.go.jp/hazardmap/maps/index.html?ll=28.4101,129.5803&z=12",45268,32431,-28.36,63,7,38,6,0,6,2026-05-29T13:55:52.995094+00:00,https://www.reinfolib.mlit.go.jp/
46529,,0,,,30,"https://disaportal.gsi.go.jp/hazardmap/maps/index.html?ll=28.3229,129.9725&z=12",6040,3840,-36.42,7,1,3,4,2,2,2026-05-29T13:57:18.998100+00:00,https://www.reinfolib.mlit.go.jp/
46530,,0,,,90,"https://disaportal.gsi.go.jp/hazardmap/maps/index.html?ll=27.7945,128.9736&z=12",20689,14194,-31.39,15,3,9,11,5,6,2026-05-29T13:58:57.625595+00:00,https://www.reinfolib.mlit.go.jp/
46531,,0,,,90,"https://disaportal.gsi.go.jp/hazardmap/maps/index.html?ll=27.8021,128.9226&z=12",20689,14194,-31.39,12,2,7,6,2,4,2026-05-29T14:00:51.655885+00:00,https://www.reinfolib.mlit.go.jp/
46532,,0,,,90,"https://disaportal.gsi.go.jp/hazardmap/maps/index.html?ll=27.7039,128.9417&z=12",20689,14194,-31.39,15,3,8,14,8,6,2026-05-29T14:02:26.190607+00:00,https://www.reinfolib.mlit.go.jp/
46533,,0,,,18,"https://disaportal.gsi.go.jp/hazardmap/maps/index.html?ll=27.3999,128.6392&z=12",11123,7662,-31.12,16,1,9,5,1,4,2026-05-29T14:03:56.684677+00:00,https://www.reinfolib.mlit.go.jp/
46534,,0,,,18,"https://disaportal.gsi.go.jp/hazardmap/maps/index.html?ll=27.3651,128.5657&z=12",11472,7931,-30.87,16,1,9,5,0,5,2026-05-29T14:05:37.840436+00:00,https://www.reinfolib.mlit.go.jp/
46535,,0,,,26,"https://disaportal.gsi.go.jp/hazardmap/maps/index.html?ll=27.0428,128.4308&z=12",6986,5266,-24.62,6,1,3,4,0,4,2026-05-29T14:07:11.406191+00:00,https://www.reinfolib.mlit.go.jp/
46801,,0,,,1,"https://disaportal.gsi.go.jp/hazardmap/maps/index.html?ll=31.4489,129.733&z=12",530,296,-44.15,,,,,,,2026-05-29T14:08:26.745313+00:00,https://www.reinfolib.mlit.go.jp/
46802,,0,,,0,"https://disaportal.gsi.go.jp/hazardmap/maps/index.html?ll=31.3085,129.7402&z=12",,,,,,,,,,2026-05-29T14:09:41.903731+00:00,https://www.reinfolib.mlit.go.jp/
47000,3300,594,457142,18.3,628,"https://disaportal.gsi.go.jp/hazardmap/maps/index.html?ll=26.1687,127.4987&z=12",946425,903416,-4.54,,,,,,,2026-05-29T14:13:10.696237+00:00,https://www.reinfolib.mlit.go.jp/
47201,3400,350,472077,20.2,771,"https://disaportal.gsi.go.jp/hazardmap/maps/index.html?ll=26.2104,127.6844&z=12",1225691,1178997,-3.81,1010,50,570,250,6,244,2026-05-29T14:17:20.899464+00:00,https://www.reinfolib.mlit.go.jp/
47205,3100,32,443650,18.7,832,"https://disaportal.gsi.go.jp/hazardmap/maps/index.html?ll=26.2745,127.7559&z=12",1249570,1203901,-3.65,1054,55,581,91,12,79,2026-05-29T14:23:40.738180+00:00,https://www.reinfolib.mlit.go.jp/
47207,3500,7,529411,12,73,"https://disaportal.gsi.go.jp/hazardmap/maps/index.html?ll=24.4329,124.2054&z=12",48781,46056,-5.59,55,3,32,77,10,67,2026-05-29T14:25:32.221749+00:00,https://www.reinfolib.mlit.go.jp/
47208,3000,69,388235,20.1,771,"https://disaportal.gsi.go.jp/hazardmap/maps/index.html?ll=26.2512,127.7156&z=12",1225691,1178997,-3.81,1139,57,638,95,1,94,2026-05-29T14:29:44.324472+00:00,https://www.reinfolib.mlit.go.jp/
47209,1300,5,260000,21.5,440,"https://disaportal.gsi.go.jp/hazardmap/maps/index.html?ll=26.582,128.025&z=12",408073,392943,-3.71,84,6,51,70,14,56,2026-05-29T14:33:38.411849+00:00,https://www.reinfolib.mlit.go.jp/
47210,3750,10,464705,8.6,771,"https://disaportal.gsi.go.jp/hazardmap/maps/index.html?ll=26.1181,127.6867&z=12",,,,,,,63,2,61,2026-05-29T15:01:15.690345+00:00,https://www.reinfolib.mlit.go.jp/
47211,2700,34,407142,15.9,880,"https://disaportal.gsi.go.jp/hazardmap/maps/index.html?ll=26.3527,127.8074&z=12",1264748,1217866,-3.71,394,23,204,,,,2026-05-29T15:08:15.563917+00:00,https://www.reinfolib.mlit.go.jp/
47214,,0,,,105,"https://disaportal.gsi.go.jp/hazardmap/maps/index.html?ll=24.7734,125.3329&z=12",52556,47513,-9.6,64,4,39,66,12,54,2026-05-29T15:10:44.746325+00:00,https://www.reinfolib.mlit.go.jp/
47215,1300,2,249166,31.5,771,"https://disaportal.gsi.go.jp/hazardmap/maps/index.html?ll=26.164,127.7755&z=12",1225691,1178997,-3.81,951,48,542,37,0,37,2026-05-29T15:18:54.484471+00:00,https://www.reinfolib.mlit.go.jp/
47301,,0,,,147,"https://disaportal.gsi.go.jp/hazardmap/maps/index.html?ll=26.7617,128.2547&z=12",64132,56894,-11.29,5,0,3,3,0,3,2026-05-29T15:21:53.624456+00:00,https://www.reinfolib.mlit.go.jp/
47302,,0,,,355,"https://disaportal.gsi.go.jp/hazardmap/maps/index.html?ll=26.6715,128.1388&z=12",140411,127726,-9.03,14,1,9,2,0,2,2026-05-29T15:25:58.759002+00:00,https://www.reinfolib.mlit.go.jp/
47303,,0,,,191,"https://disaportal.gsi.go.jp/hazardmap/maps/index.html?ll=26.6486,128.1897&z=12",73751,66654,-9.62,9,0,7,3,2,1,2026-05-29T15:28:46.459567+00:00,https://www.reinfolib.mlit.go.jp/
47306,,0,,,298,"https://disaportal.gsi.go.jp/hazardmap/maps/index.html?ll=26.6779,127.9626&z=12",136524,125389,-8.16,84,9,48,6,0,6,2026-05-29T15:32:34.146558+00:00,https://www.reinfolib.mlit.go.jp/
47308,3150,2,431904,12,298,"https://disaportal.gsi.go.jp/hazardmap/maps/index.html?ll=26.6594,127.9125&z=12",136524,125389,-8.16,90,8,50,12,4,8,2026-05-29T15:37:31.663838+00:00,https://www.reinfolib.mlit.go.jp/
47311,3400,5,566666,19,500,"https://disaportal.gsi.go.jp/hazardmap/maps/index.html?ll=26.4759,127.8527&z=12",549567,528738,-3.79,50,4,30,15,5,10,2026-05-29T15:43:51.972547+00:00,https://www.reinfolib.mlit.go.jp/
47313,,0,,,500,"https://disaportal.gsi.go.jp/hazardmap/maps/index.html?ll=26.4948,127.9665&z=12",549567,528738,-3.79,32,3,18,6,3,3,2026-05-29T15:50:00.219499+00:00,https://www.reinfolib.mlit.go.jp/
47314,3900,2,650000,3,500,"https://disaportal.gsi.go.jp/hazardmap/maps/index.html?ll=26.4652,127.9018&z=12",549567,528738,-3.79,117,10,64,14,1,13,2026-05-29T15:54:36.025223+00:00,https://www.reinfolib.mlit.go.jp/
47315,,0,,,168,"https://disaportal.gsi.go.jp/hazardmap/maps/index.html?ll=26.7218,127.7895&z=12",69244,63444,-8.38,3,0,2,5,2,3,2026-05-29T15:57:24.620411+00:00,https://www.reinfolib.mlit.go.jp/
47324,4950,4,309375,16,832,"https://disaportal.gsi.go.jp/hazardmap/maps/index.html?ll=26.4,127.7463&z=12",1249570,1203901,-3.65,274,15,147,37,7,30,2026-05-29T16:02:21.164250+00:00,https://www.reinfolib.mlit.go.jp/
47325,,0,,,832,"https://disaportal.gsi.go.jp/hazardmap/maps/index.html?ll=26.3644,127.7672&z=12",1249570,1203901,-3.65,377,21,195,14,3,11,2026-05-29T16:08:34.574430+00:00,https://www.reinfolib.mlit.go.jp/
47326,4100,27,600000,11.5,832,"https://disaportal.gsi.go.jp/hazardmap/maps/index.html?ll=26.3214,127.7645&z=12",1249570,1203901,-3.65,620,35,327,41,3,38,2026-05-29T16:12:06.261669+00:00,https://www.reinfolib.mlit.go.jp/
47327,3900,7,520000,5.9,880,"https://disaportal.gsi.go.jp/hazardmap/maps/index.html?ll=26.3033,127.7973&z=12",1264748,1217866,-3.71,708,42,380,23,1,22,2026-05-29T16:16:37.178100+00:00,https://www.reinfolib.mlit.go.jp/
47328,4450,2,479411,7.5,771,"https://disaportal.gsi.go.jp/hazardmap/maps/index.html?ll=26.2635,127.7877&z=12",,,,1121,55,626,27,1,26,2026-05-29T16:21:50.691398+00:00,https://www.reinfolib.mlit.go.jp/
47329,3450,8,445000,12.2,771,"https://disaportal.gsi.go.jp/hazardmap/maps/index.html?ll=26.2294,127.7593&z=12",1225691,1178997,-3.81,1001,50,563,29,4,25,2026-05-29T16:25:17.232741+00:00,https://www.reinfolib.mlit.go.jp/
47348,3050,2,373333,13,771,"https://disaportal.gsi.go.jp/hazardmap/maps/index.html?ll=26.2021,127.7582&z=12",1225691,1178997,-3.81,1001,50,563,24,3,21,2026-05-29T16:28:43.834589+00:00,https://www.reinfolib.mlit.go.jp/
47350,3300,2,473846,10,771,"https://disaportal.gsi.go.jp/hazardmap/maps/index.html?ll=26.1942,127.7287&z=12",1225691,1178997,-3.81,976,50,558,37,5,32,2026-05-29T16:30:06.857679+00:00,https://www.reinfolib.mlit.go.jp/
47353,,0,,,1,"https://disaportal.gsi.go.jp/hazardmap/maps/index.html?ll=26.1901,127.3565&z=12",1771,1445,-18.41,4,0,3,2,1,1,2026-05-29T16:31:20.005301+00:00,https://www.reinfolib.mlit.go.jp/
47354,,0,,,1,"https://disaportal.gsi.go.jp/hazardmap/maps/index.html?ll=26.2346,127.3074&z=12",1771,1445,-18.41,4,0,3,5,3,2,2026-05-29T16:32:35.943187+00:00,https://www.reinfolib.mlit.go.jp/
47355,,0,,,6,"https://disaportal.gsi.go.jp/hazardmap/maps/index.html?ll=26.5877,127.2293&z=12",926,665,-28.19,2,0,2,2,1,1,2026-05-29T16:33:50.193886+00:00,https://www.reinfolib.mlit.go.jp/
47356,,0,,,6,"https://disaportal.gsi.go.jp/hazardmap/maps/index.html?ll=26.3647,127.1469&z=12",2371,1877,-20.84,2,0,1,1,1,0,2026-05-29T16:35:04.488464+00:00,https://www.reinfolib.mlit.go.jp/
47357,,0,,,0,"https://disaportal.gsi.go.jp/hazardmap/maps/index.html?ll=25.8432,131.2428&z=12",1729,1406,-18.68,4,0,2,2,1,1,2026-05-29T16:36:18.640822+00:00,https://www.reinfolib.mlit.go.jp/
47358,,0,,,0,"https://disaportal.gsi.go.jp/hazardmap/maps/index.html?ll=25.9446,131.3071&z=12",1729,1406,-18.68,2,0,1,2,1,1,2026-05-29T16:37:34.900786+00:00,https://www.reinfolib.mlit.go.jp/
47359,,0,,,37,"https://disaportal.gsi.go.jp/hazardmap/maps/index.html?ll=27.05,127.9734&z=12",4393,2995,-31.82,2,0,1,2,1,1,2026-05-29T16:38:49.807676+00:00,https://www.reinfolib.mlit.go.jp/
47360,,0,,,13,"https://disaportal.gsi.go.jp/hazardmap/maps/index.html?ll=26.9336,127.9367&z=12",2266,1528,-32.57,3,0,2,2,1,1,2026-05-29T16:40:04.719228+00:00,https://www.reinfolib.mlit.go.jp/
47361,,0,,,34,"https://disaportal.gsi.go.jp/hazardmap/maps/index.html?ll=26.3499,126.7733&z=12",6544,4456,-31.91,5,1,3,6,2,4,2026-05-29T16:41:19.758644+00:00,https://www.reinfolib.mlit.go.jp/
47362,,0,,,771,"https://disaportal.gsi.go.jp/hazardmap/maps/index.html?ll=26.1385,127.7266&z=12",1225691,1178997,-3.81,720,36,417,28,0,28,2026-05-29T16:42:45.928434+00:00,https://www.reinfolib.mlit.go.jp/
47375,,0,,,6,"https://disaportal.gsi.go.jp/hazardmap/maps/index.html?ll=24.6571,124.6992&z=12",970,676,-30.31,2,0,1,2,1,1,2026-05-29T16:44:01.069176+00:00,https://www.reinfolib.mlit.go.jp/
47381,,0,,,0,"https://disaportal.gsi.go.jp/hazardmap/maps/index.html?ll=24.336,123.8147&z=12",3840,3424,-10.83,5,0,3,5,2,3,2026-05-29T16:45:16.582542+00:00,https://www.reinfolib.mlit.go.jp/
47382,,0,,,6,"https://disaportal.gsi.go.jp/hazardmap/maps/index.html?ll=24.4554,122.989&z=12",1537,1099,-28.5,,,,5,3,2,2026-05-29T16:50:31.403067+00:00,https://www.reinfolib.mlit.go.jp/
47801,,0,,,500,"https://disaportal.gsi.go.jp/hazardmap/maps/index.html?ll=26.4344,127.8434&z=12",549567,528738,-3.79,131,11,70,,,,2026-05-29T16:51:49.682626+00:00,https://www.reinfolib.mlit.go.jp/
